INSERT INTO ecommerce.usuario (tipo_usuario, id, apellido, contrasena, fecha_nacimiento, mail, nombre, nombre_usuario) VALUES ('UsuarioNormal', 3, 'Pérez', '$2a$10$qVz/TljxSJCbOD3vgyJofODAEtKcPQPPK02OQ9NQ6tXsr55XuV/Gu', '1990-01-01 00:00:00', 'juan.perez@example.com', 'Juan', 'juanp');
INSERT INTO ecommerce.usuario (tipo_usuario, id, apellido, contrasena, fecha_nacimiento, mail, nombre, nombre_usuario) VALUES ('UsuarioAdmin', 4, 'Gómez', '$2a$10$mccK4xrM2pMH9O2DvvXzUesFDfJibnw7FATCunApNuwiKBpCuaUDW', '1985-05-15 00:00:00', 'ana.gomez@example.com', 'Ana', 'anag');
INSERT INTO ecommerce.usuario (tipo_usuario, id, apellido, contrasena, fecha_nacimiento, mail, nombre, nombre_usuario) VALUES ('UsuarioNormal', 5, 'Ramírez', '$2a$10$Ctz3kb2sIhsgQja8mhvon.fAWGLIDtrNaLLN18S8P/HTxP1nxYhKC', '1993-08-22 00:00:00', 'carlos.ramirez@example.com', 'Carlos', 'carlosr');
INSERT INTO ecommerce.usuario (tipo_usuario, id, apellido, contrasena, fecha_nacimiento, mail, nombre, nombre_usuario) VALUES ('UsuarioAdmin', 6, 'Lopez', '$2a$10$t5g0L.qLVAPl4eLeE7Aq1em0BOio2IVht2lISDRYVawBPr7S.wyUu', '1988-12-11 00:00:00', 'maria.lopez@example.com', 'María', 'marial');
INSERT INTO ecommerce.usuario (tipo_usuario, id, apellido, contrasena, fecha_nacimiento, mail, nombre, nombre_usuario) VALUES ('UsuarioNormal', 7, 'Fernández', '$2a$10$heQxpYAUDCp8pYPIKs3gJuSnr8ITCFogN8h9t/KXAfoGT46ZJfnsu', '1992-04-03 00:00:00', 'pedro.fernandez@example.com', 'Pedro', 'pedrof');
INSERT INTO ecommerce.usuario (tipo_usuario, id, apellido, contrasena, fecha_nacimiento, mail, nombre, nombre_usuario) VALUES ('UsuarioNormal', 8, 'Martínez', '$2a$10$4B3PDrx459xZlPhj7kru6uKIfE9pEdHSWE4y4IJno.uzpsSvU9ABC', '1995-09-14 00:00:00', 'lucia.martinez@example.com', 'Lucía', 'luciam');
INSERT INTO ecommerce.usuario (tipo_usuario, id, apellido, contrasena, fecha_nacimiento, mail, nombre, nombre_usuario) VALUES ('UsuarioAdmin', 9, 'Sánchez', '$2a$10$gLsAobD5AOXEczkrufRJa.AQ34Q8Bnt/s/pRKbt5JBdrr0.kI81ty', '1987-03-25 00:00:00', 'jorge.sanchez@example.com', 'Jorge', 'jorges');
INSERT INTO ecommerce.usuario (tipo_usuario, id, apellido, contrasena, fecha_nacimiento, mail, nombre, nombre_usuario) VALUES ('UsuarioNormal', 10, 'Ruiz', '$2a$10$eZ0DIlftIIsOlUcgAlIe6.bMolTbySEgjzIwnHM3fDtRyY3CpqEnO', '1994-07-30 00:00:00', 'elena.ruiz@example.com', 'Elena', 'elenar');
INSERT INTO ecommerce.usuario (tipo_usuario, id, apellido, contrasena, fecha_nacimiento, mail, nombre, nombre_usuario) VALUES ('UsuarioAdmin', 11, 'Torres', '$2a$10$Cit67pQ9/gfCyEkMRTEEd.nCkyppLgByGUcC0.cWABbyRS5TzMCTC', '1989-06-10 00:00:00', 'roberto.torres@example.com', 'Roberto', 'robertor');
INSERT INTO ecommerce.usuario (tipo_usuario, id, apellido, contrasena, fecha_nacimiento, mail, nombre, nombre_usuario) VALUES ('UsuarioNormal', 12, 'García', '$2a$10$DKfRGMYOKVbsrr1QcWlfyewl2v.pch9gDDCrcBvbfWQHJb3fCUF4W', '1991-11-18 00:00:00', 'sofia.garcia@example.com', 'Sofía', 'sofiag');


INSERT INTO ecommerce.categoria (id, descripcion, nombre) VALUES (3, 'Teléfonos móviles de última tecnología.', 'Móviles');
INSERT INTO ecommerce.categoria (id, descripcion, nombre) VALUES (4, 'Accesorios para dispositivos electrónicos.', 'Accesorios');
INSERT INTO ecommerce.categoria (id, descripcion, nombre) VALUES (5, 'Computadoras portátiles de diferentes marcas y tamaños.', 'Portátiles');
INSERT INTO ecommerce.categoria (id, descripcion, nombre) VALUES (6, 'Tabletas de diferentes tamaños y características.', 'Tablets');
INSERT INTO ecommerce.categoria (id, descripcion, nombre) VALUES (7, 'Dispositivos portátiles como relojes y pulseras inteligentes.', 'Wearables');
INSERT INTO ecommerce.categoria (id, descripcion, nombre) VALUES (8, 'Consolas de videojuegos de diferentes marcas.', 'Consolas');
INSERT INTO ecommerce.categoria (id, descripcion, nombre) VALUES (9, 'Dispositivos para el hogar conectados a Internet.', 'Hogar Inteligente');
INSERT INTO ecommerce.categoria (id, descripcion, nombre) VALUES (10, 'Dispositivos electrónicos para lectura de libros digitales.', 'Lectores de eBooks');
INSERT INTO ecommerce.categoria (id, descripcion, nombre) VALUES (11, 'Cámaras fotográficas y de video, tanto para aficionados como profesionales.', 'Cámaras');
INSERT INTO ecommerce.categoria (id, descripcion, nombre) VALUES (12, 'Auriculares y audífonos de diferentes tipos y características.', 'Auriculares');

INSERT INTO ecommerce.producto (id, descripcion, direccion_imagenes, informacion, precio, stock, categoria_id) VALUES (14, 'iPhone 13', 0xACED0005737200136A6176612E7574696C2E41727261794C6973747881D21D99C7619D03000149000473697A6578700000000277040000000274006E68747470733A2F2F7777772E6170706C652E636F6D2F6E657773726F6F6D2F696D616765732F70726F647563742F6970686F6E652F67656F2F4170706C655F6970686F6E6531335F6865726F5F67656F5F30393134323032315F696E6C696E652E6A70672E6C617267652E6A706774004668747470733A2F2F68747470322E6D6C7374617469632E636F6D2F445F4E515F4E505F3739353132372D4D4C5537373731393734373139355F3037323032342D4F2E7765627078, 'iPhone 13 con pantalla Super Retina XDR y chip A15 Bionic.', 999, 15, 3);
INSERT INTO ecommerce.producto (id, descripcion, direccion_imagenes, informacion, precio, stock, categoria_id) VALUES (15, 'Samsung Galaxy S21', 0xACED0005737200136A6176612E7574696C2E41727261794C6973747881D21D99C7619D03000149000473697A6578700000000177040000000174009168747470733A2F2F696D616765732E73616D73756E672E636F6D2F69732F696D6167652F73616D73756E672F6173736574732F61722F736D61727470686F6E65732F67616C6178792D7332312D35672F67616C6178792D7332312D66652D35672F6275792F53323146455F4361726F7573656C5F47726F75704B56325F4D4F2E6A70673F696D6279706173733D7472756578, 'Samsung Galaxy S21 con cámara de alta resolución y pantalla de 120Hz.', 850, 15, 3);
INSERT INTO ecommerce.producto (id, descripcion, direccion_imagenes, informacion, precio, stock, categoria_id) VALUES (16, 'Audífonos inalámbric', 0xACED0005737200136A6176612E7574696C2E41727261794C6973747881D21D99C7619D03000149000473697A6578700000000177040000000174006A68747470733A2F2F7777772E736F6E792E636F6D2E61722F696D6167652F35643032646135646635353238333664623839346365616438613638663566333F666D743D706A706567267769643D333330266267636F6C6F723D464646464646266267633D46464646464678, 'Audífonos con cancelación de ruido y batería de 30 horas.', 300, 29, 4);
INSERT INTO ecommerce.producto (id, descripcion, direccion_imagenes, informacion, precio, stock, categoria_id) VALUES (17, 'MacBook Air M1', 0xACED0005737200136A6176612E7574696C2E41727261794C6973747881D21D99C7619D03000149000473697A6578700000000177040000000174004968747470733A2F2F6364736173736574732E6170706C652E636F6D2F6C6976652F535A4C4630594E562F696D616765732F73702F3131313838335F6D6163626F6F6B6169722E706E6778, 'MacBook Air con chip M1 de Apple, 8 GB de RAM y pantalla Retina de 13.3 pulgadas.', 1199, 5, 5);
INSERT INTO ecommerce.producto (id, descripcion, direccion_imagenes, informacion, precio, stock, categoria_id) VALUES (18, 'iPad Pro 12.9', 0xACED0005737200136A6176612E7574696C2E41727261794C6973747881D21D99C7619D03000149000473697A6578700000000177040000000174004F68747470733A2F2F6364736173736574732E6170706C652E636F6D2F6C6976652F535A4C4630594E562F696D616765732F73702F3131313937395F697061642D70726F2D31322D323031382E706E6778, 'iPad Pro de 12.9 pulgadas con chip M1 y pantalla Liquid Retina XDR.', 1099, 9, 6);
INSERT INTO ecommerce.producto (id, descripcion, direccion_imagenes, informacion, precio, stock, categoria_id) VALUES (19, 'Dell XPS 13', 0xACED0005737200136A6176612E7574696C2E41727261794C6973747881D21D99C7619D03000149000473697A6578700000000077040000000078, 'Dell XPS 13 con procesador Intel i7 de 11ª generación y pantalla InfinityEdge.', 1299, 7, 5);
INSERT INTO ecommerce.producto (id, descripcion, direccion_imagenes, informacion, precio, stock, categoria_id) VALUES (20, 'Apple Watch Series 7', 0xACED0005737200136A6176612E7574696C2E41727261794C6973747881D21D99C7619D03000149000473697A6578700000000177040000000174004A68747470733A2F2F6364736173736574732E6170706C652E636F6D2F6C6976652F535A4C4630594E562F696D616765732F73702F3131313930395F736572696573372D3438302E706E6778, 'Apple Watch Series 7 con pantalla Retina siempre activa y resistencia al agua.', 399, 15, 7);
INSERT INTO ecommerce.producto (id, descripcion, direccion_imagenes, informacion, precio, stock, categoria_id) VALUES (21, 'Google Pixel 6', 0xACED0005737200136A6176612E7574696C2E41727261794C6973747881D21D99C7619D03000149000473697A6578700000000177040000000174003368747470733A2F2F6D2E6D656469612D616D617A6F6E2E636F6D2F696D616765732F492F363172754B6B765649784C2E6A706778, 'Google Pixel 6 con pantalla OLED de 6.4 pulgadas y procesador Google Tensor.', 899, 12, 3);
INSERT INTO ecommerce.producto (id, descripcion, direccion_imagenes, informacion, precio, stock, categoria_id) VALUES (22, 'Sony PlayStation 5', 0xACED0005737200136A6176612E7574696C2E41727261794C6973747881D21D99C7619D03000149000473697A657870000000017704000000017400B868747470733A2F2F75706C6F61642E77696B696D656469612E6F72672F77696B6970656469612F636F6D6D6F6E732F7468756D622F312F31622F506C617953746174696F6E5F355F616E645F4475616C53656E73655F776974685F7472616E73706172656E745F6261636B67726F756E642E706E672F3132303070782D506C617953746174696F6E5F355F616E645F4475616C53656E73655F776974685F7472616E73706172656E745F6261636B67726F756E642E706E6778, 'Sony PlayStation 5 con disco SSD ultrarrápido y gráficos de 4K HDR.', 499, 3, 8);
INSERT INTO ecommerce.producto (id, descripcion, direccion_imagenes, informacion, precio, stock, categoria_id) VALUES (23, 'Xbox Series X', 0xACED0005737200136A6176612E7574696C2E41727261794C6973747881D21D99C7619D03000149000473697A6578700000000177040000000174008068747470733A2F2F636D732D6173736574732E78626F7873657276696365732E636F6D2F6173736574732F36382F61302F36386130653530642D306431332D343262312D383439382D6535356365663861393133332E706E673F6E3D3634323232375F4865726F2D47616C6C6572792D305F41325F383537783637362E706E6778, 'Xbox Series X con 1TB de almacenamiento y tecnología de trazado de rayos.', 499, 5, 8);
INSERT INTO ecommerce.producto (id, descripcion, direccion_imagenes, informacion, precio, stock, categoria_id) VALUES (24, 'Amazon Echo Dot 4ta ', 0xACED0005737200136A6176612E7574696C2E41727261794C6973747881D21D99C7619D03000149000473697A6578700000000177040000000174004568747470733A2F2F68747470322E6D6C7374617469632E636F6D2F445F515F4E505F3835383835302D4D4C5537313534393335363032335F3039323032332D4F2E7765627078, 'Amazon Echo Dot de 4ta generación con Alexa integrada y diseño esférico.', 49.99, 25, 9);
INSERT INTO ecommerce.producto (id, descripcion, direccion_imagenes, informacion, precio, stock, categoria_id) VALUES (25, 'Kindle Paperwhite', 0xACED0005737200136A6176612E7574696C2E41727261794C6973747881D21D99C7619D03000149000473697A6578700000000177040000000174004668747470733A2F2F68747470322E6D6C7374617469632E636F6D2F445F4E515F4E505F3932363530312D4D4C5537373834313536323034355F3037323032342D4F2E7765627078, 'Kindle Paperwhite con pantalla de 6.8 pulgadas y luz ajustable cálida.', 129.99, 15, 10);
INSERT INTO ecommerce.producto (id, descripcion, direccion_imagenes, informacion, precio, stock, categoria_id) VALUES (26, 'GoPro HERO10 Black', 0xACED0005737200136A6176612E7574696C2E41727261794C6973747881D21D99C7619D03000149000473697A6578700000000177040000000174007C68747470733A2F2F7374617469632E676F70726F2E636F6D2F6173736574732F626C74613262383532326535333732616634302F626C74373431633261363836373936633462662F3631623763336266316264626532353730396261373661392F476F50726F5F4E6577735F4845524F31305F426C61636B2E6A706778, 'GoPro HERO10 Black con grabación en 5.3K y estabilización HyperSmooth 4.0.', 499.99, 7, 11);
INSERT INTO ecommerce.producto (id, descripcion, direccion_imagenes, informacion, precio, stock, categoria_id) VALUES (27, 'Apple AirPods Pro', 0xACED0005737200136A6176612E7574696C2E41727261794C6973747881D21D99C7619D03000149000473697A6578700000000177040000000174004D68747470733A2F2F6364736173736574732E6170706C652E636F6D2F6C6976652F37575541533335302F696D616765732F746563682D73706563732F616972706F64732D70726F2D322E706E6778, 'Apple AirPods Pro con cancelación de ruido activa y audio espacial.', 249.99, 18, 12);
INSERT INTO ecommerce.producto (id, descripcion, direccion_imagenes, informacion, precio, stock, categoria_id) VALUES (28, 'Nintendo Switch', 0xACED0005737200136A6176612E7574696C2E41727261794C6973747881D21D99C7619D03000149000473697A6578700000000177040000000174006168747470733A2F2F75706C6F61642E77696B696D656469612E6F72672F77696B6970656469612F636F6D6D6F6E732F382F38382F4E696E74656E646F2D5377697463682D774A6F79436F6E732D426C52642D5374616E64696E672D464C2E6A706778, 'Nintendo Switch con pantalla OLED de 7 pulgadas y modo de juego portátil y dock.', 299.99, 10, 8);
INSERT INTO ecommerce.producto (id, descripcion, direccion_imagenes, informacion, precio, stock, categoria_id) VALUES (29, 'DJI Mini 2', 0xACED0005737200136A6176612E7574696C2E41727261794C6973747881D21D99C7619D03000149000473697A6578700000000177040000000174006668747470733A2F2F646A6973746F72652E636F6D2E61722F77702D636F6E74656E742F75706C6F6164732F323032332F30392F436170747572612D64652D50616E74616C6C612D323032332D30392D30362D612D6C61732D31312E32332E31362D312E706E6778, 'DJI Mini 2 con cámara 4K y alcance de vuelo de hasta 10 km.', 449, 8, 13);
